BEGIN;

INSERT INTO "Endereco"("codEndereco", "numero", "cidade", "cep", "estado", "rua") VALUES('e3aee5f2-92d1-4d01-af96-4183f04e7d8d', 123, 'Alvorada dos Ventos', '12345-678', 'São Paulo', 'Rua das Acácias');
INSERT INTO "Endereco"("codEndereco", "numero", "cidade", "cep", "estado", "rua") VALUES('c32d163b-2e19-45fe-8af5-190cd347eae2', 456, 'Alvorada dos Ventos', '98765-432', 'São Paulo', 'Avenida dos Girassóis');
INSERT INTO "Endereco"("codEndereco", "numero", "cidade", "cep", "estado", "rua") VALUES('9cbbd3d9-6500-4e53-8cb2-5d5e8d3ed2e0', 789, 'Cachoeira Esmeralda', '54321-876', 'Rio de Janeiro', 'Travessa das Águas');
INSERT INTO "Endereco"("codEndereco", "numero", "cidade", "cep", "estado", "rua") VALUES('fc4ed343-af8c-4005-94f4-cdbce5e4857e', 321, 'Cachoeira Esmeralda', '67890-123', 'Rio de Janeiro', 'Rua das Cachoeiras');
INSERT INTO "Endereco"("codEndereco", "numero", "cidade", "cep", "estado", "rua") VALUES('c874b271-5cc0-4f23-90c9-aa963dd46ed1', 567, 'Monte Sereno', '21098-765', 'Minas Gerais', 'Avenida do Sol');
INSERT INTO "Endereco"("codEndereco", "numero", "cidade", "cep", "estado", "rua") VALUES('37bb0f21-4e6d-4a0a-8e37-944f437a74db', 890, 'Monte Sereno', '87654-321', 'Minas Gerais', 'Rua das Montanhas');
INSERT INTO "Endereco"("codEndereco", "numero", "cidade", "cep", "estado", "rua") VALUES('e9240129-f1c1-46e3-8e4a-15c4c7166e9d', 234, 'Vale Dourado', '45678-901', 'São Paulo', 'Rua das Rosas');
INSERT INTO "Endereco"("codEndereco", "numero", "cidade", "cep", "estado", "rua") VALUES('47fb7a8e-5b7a-41e9-8dc0-4a2b7e4e4d8b', 901, 'Vale Dourado', '10987-654', 'São Paulo', 'Alameda das Estrelas');
INSERT INTO "Endereco"("codEndereco", "numero", "cidade", "cep", "estado", "rua") VALUES('5f7e1d85-8161-4618-9b67-5f0d8f1df2c7', 567, 'Pedra Branca', '78901-234', 'Bahia', 'Rua dos Ipês');
INSERT INTO "Endereco"("codEndereco", "numero", "cidade", "cep", "estado", "rua") VALUES('67d42dbf-5e5d-44e3-a586-45f67e0e4d77', 1234, 'Pedra Branca', '54321-098', 'Bahia', 'Avenida das Pedras');
INSERT INTO "Endereco"("codEndereco", "numero", "cidade", "cep", "estado", "rua") VALUES('4d99451f-7b7f-4e6f-a343-683bf3c55e8c', 345, 'Nova Aurora', '87654-321', 'Rio Grande do Sul', 'Avenida da Esperança');
INSERT INTO "Endereco"("codEndereco", "numero", "cidade", "cep", "estado", "rua") VALUES('3c9f6976-4d4e-42c7-b160-41d2a9e81fc5', 678, 'Nova Aurora', '21098-765', 'Rio Grande do Sul', 'Rua das Estrelas');
INSERT INTO "Endereco"("codEndereco", "numero", "cidade", "cep", "estado", "rua") VALUES('ea9786c3-d7e7-48f5-a804-631cccf3a698', 901, 'Bela Vista do Rio', '65432-109', 'Paraná', 'Rua do Mirante');
INSERT INTO "Endereco"("codEndereco", "numero", "cidade", "cep", "estado", "rua") VALUES('0c32eb13-08dd-4f77-91de-0dd25c367267', 234, 'Bela Vista do Rio', '98765-432', 'Paraná', 'Avenida Beira Rio');
INSERT INTO "Endereco"("codEndereco", "numero", "cidade", "cep", "estado", "rua") VALUES('ab33c8e9-dc70-4a5e-bb92-7d6460a40069', 678, 'Serra Encantada', '32109-876', 'Santa Catarina', 'Rua das Neblinas');
INSERT INTO "Endereco"("codEndereco", "numero", "cidade", "cep", "estado", "rua") VALUES('8351221c-063f-41fd-a79a-577e2e2067fb', 543, 'Serra Encantada', '76543-210', 'Santa Catarina', 'Alameda das Montanhas');
INSERT INTO "Endereco"("codEndereco", "numero", "cidade", "cep", "estado", "rua") VALUES('6e7c4c55-ee88-4b7a-8b68-859f7c669d5a', 210, 'Alto da Montanha', '09876-543', 'Rio de Janeiro', 'Avenida dos Ventos');
INSERT INTO "Endereco"("codEndereco", "numero", "cidade", "cep", "estado", "rua") VALUES('f8d9e244-2075-4962-91de-bb5f48e012a7', 987, 'Alto da Montanha', '43210-987', 'Rio de Janeiro', 'Rua do Pico');
INSERT INTO "Endereco"("codEndereco", "numero", "cidade", "cep", "estado", "rua") VALUES('f3e7256d-fd37-4ebe-a0d3-9f687ef332f2', 654, 'Rio das Flores', '76543-210', 'São Paulo', 'Rua das Margaridas');
INSERT INTO "Endereco"("codEndereco", "numero", "cidade", "cep", "estado", "rua") VALUES('c5310645-90df-4d6a-8b0d-244b71a90a70', 321, 'Rio das Flores', '21098-765', 'São Paulo', 'Avenida Beira Rio');

INSERT INTO "CategoriaLoja"("codCategoria", "categoria") VALUES('2d1e72b9-6e71-4f5d-89d4-4ab064c6e89f', 'Eletrônicos');
INSERT INTO "CategoriaLoja"("codCategoria", "categoria") VALUES('92e08dcf-573f-4c7f-9f66-dc126881d2d2', 'Moda Feminina');
INSERT INTO "CategoriaLoja"("codCategoria", "categoria") VALUES('4b88fbd3-7a21-4db0-a7b1-7799d0ad080d', 'Esportes e Lazer');
INSERT INTO "CategoriaLoja"("codCategoria", "categoria") VALUES('e849d80a-4f1b-4176-8750-980ef1f3bc30', 'Casa e Decoração');
INSERT INTO "CategoriaLoja"("codCategoria", "categoria") VALUES('3197a040-70d1-40f9-8b5b-55ff2dc0b0f2', 'Beleza e Cuidados Pessoais');
INSERT INTO "CategoriaLoja"("codCategoria", "categoria") VALUES('7b3b5f0c-19ef-4ef0-a824-82d37dd6b2b0', 'Livros e Revistas');
INSERT INTO "CategoriaLoja"("codCategoria", "categoria") VALUES('c6a32a4c-8790-4e6c-aad1-9d9a9e5dabfd', 'Brinquedos e Jogos');
INSERT INTO "CategoriaLoja"("codCategoria", "categoria") VALUES('1c2e83d5-72c5-4d50-8d5d-4881e34b44a7', 'Instrumentos Musicais');
INSERT INTO "CategoriaLoja"("codCategoria", "categoria") VALUES('432d03dd-7a06-4efb-b789-730d19973321', 'Automotivo');
INSERT INTO "CategoriaLoja"("codCategoria", "categoria") VALUES('e90ef27c-d0f2-4a43-8eb4-5f1edfbf6db1', 'Moda Masculina');
INSERT INTO "CategoriaLoja"("codCategoria", "categoria") VALUES('6a292de2-01f2-43e4-b6d6-2d52c4592180', 'Saúde e Bem-estar');
INSERT INTO "CategoriaLoja"("codCategoria", "categoria") VALUES('586924b0-3357-4e4c-89fb-73fcf3b845a7', 'Papelaria e Escritório');
INSERT INTO "CategoriaLoja"("codCategoria", "categoria") VALUES('f4f0ad1d-62a5-4be1-a3de-94f04b4f9987', 'Joias e Relógios');
INSERT INTO "CategoriaLoja"("codCategoria", "categoria") VALUES('8d7e5e11-1d96-4480-a2f5-df3a2d92a5d2', 'Alimentos e Bebidas');
INSERT INTO "CategoriaLoja"("codCategoria", "categoria") VALUES('2e3b9fa0-8122-4291-8d13-b3e7d8a2320a', 'Eletrônicos de Casa');
INSERT INTO "CategoriaLoja"("codCategoria", "categoria") VALUES('a1e3a0e3-1e94-40f1-974e-24884f2d4a6b', 'Pet Shop');
INSERT INTO "CategoriaLoja"("codCategoria", "categoria") VALUES('9c84c0cd-4297-475a-918a-199d30392fb4', 'Móveis e Decoração');
INSERT INTO "CategoriaLoja"("codCategoria", "categoria") VALUES('3bca81ed-02af-46e2-bd9e-64fc6f344288', 'Ferramentas e Construção');

INSERT INTO "CategoriaProduto"("codCategoria", "categoria") VALUES ('2d1e72b9-6e71-4f5d-89d4-4ab064c6e89f', 'Smartphones');
INSERT INTO "CategoriaProduto"("codCategoria", "categoria") VALUES ('92e08dcf-573f-4c7f-9f66-dc126881d2d2', 'Roupas Femininas');
INSERT INTO "CategoriaProduto"("codCategoria", "categoria") VALUES ('4b88fbd3-7a21-4db0-a7b1-7799d0ad080d', 'Artigos Esportivos');
INSERT INTO "CategoriaProduto"("codCategoria", "categoria") VALUES ('e849d80a-4f1b-4176-8750-980ef1f3bc30', 'Móveis e Decoração');
INSERT INTO "CategoriaProduto"("codCategoria", "categoria") VALUES ('3197a040-70d1-40f9-8b5b-55ff2dc0b0f2', 'Produtos de Beleza');
INSERT INTO "CategoriaProduto"("codCategoria", "categoria") VALUES ('7b3b5f0c-19ef-4ef0-a824-82d37dd6b2b0', 'Livros');
INSERT INTO "CategoriaProduto"("codCategoria", "categoria") VALUES ('c6a32a4c-8790-4e6c-aad1-9d9a9e5dabfd', 'Brinquedos');
INSERT INTO "CategoriaProduto"("codCategoria", "categoria") VALUES ('1c2e83d5-72c5-4d50-8d5d-4881e34b44a7', 'Instrumentos Musicais');
INSERT INTO "CategoriaProduto"("codCategoria", "categoria") VALUES ('432d03dd-7a06-4efb-b789-730d19973321', 'Acessórios Automotivos');
INSERT INTO "CategoriaProduto"("codCategoria", "categoria") VALUES ('e90ef27c-d0f2-4a43-8eb4-5f1edfbf6db1', 'Roupas Masculinas');
INSERT INTO "CategoriaProduto"("codCategoria", "categoria") VALUES ('6a292de2-01f2-43e4-b6d6-2d52c4592180', 'Saúde e Bem-estar');
INSERT INTO "CategoriaProduto"("codCategoria", "categoria") VALUES ('586924b0-3357-4e4c-89fb-73fcf3b845a7', 'Material de Escritório');
INSERT INTO "CategoriaProduto"("codCategoria", "categoria") VALUES ('f4f0ad1d-62a5-4be1-a3de-94f04b4f9987', 'Joias e Relógios');
INSERT INTO "CategoriaProduto"("codCategoria", "categoria") VALUES ('8d7e5e11-1d96-4480-a2f5-df3a2d92a5d2', 'Alimentos e Bebidas');
INSERT INTO "CategoriaProduto"("codCategoria", "categoria") VALUES ('2e3b9fa0-8122-4291-8d13-b3e7d8a2320a', 'Eletrônicos Domésticos');
INSERT INTO "CategoriaProduto"("codCategoria", "categoria") VALUES ('a1e3a0e3-1e94-40f1-974e-24884f2d4a6b', 'Produtos para Animais de Estimação');
INSERT INTO "CategoriaProduto"("codCategoria", "categoria") VALUES ('9c84c0cd-4297-475a-918a-199d30392fb4', 'Móveis e Decoração');
INSERT INTO "CategoriaProduto"("codCategoria", "categoria") VALUES ('3bca81ed-02af-46e2-bd9e-64fc6f344288', 'Ferramentas e Construção');

INSERT INTO "Loja"("codLoja", "codCategoria", "codEndereco", "descricao", "nome") VALUES('587e04f3-637f-40a7-8f8a-2ed942b891db', '2d1e72b9-6e71-4f5d-89d4-4ab064c6e89f', 'e3aee5f2-92d1-4d01-af96-4183f04e7d8d', 'Grande variedade de eletrônicos de última geração.', 'Eletrônicos Center');
INSERT INTO "Loja"("codLoja", "codCategoria", "codEndereco", "descricao", "nome") VALUES('d0f6a41e-3f97-4c4c-82c1-9a3fb9c06f25', '92e08dcf-573f-4c7f-9f66-dc126881d2d2', 'c32d163b-2e19-45fe-8af5-190cd347eae2', 'Roupas elegantes e da moda para mulheres modernas.', 'Fashion Boutique');
INSERT INTO "Loja"("codLoja", "codCategoria", "codEndereco", "descricao", "nome") VALUES('c54eac3c-cc92-4f8c-90d6-73dcdbd9043d', '4b88fbd3-7a21-4db0-a7b1-7799d0ad080d', '9cbbd3d9-6500-4e53-8cb2-5d5e8d3ed2e0', 'Artigos esportivos para todos os entusiastas de esportes.', 'Sports Mania');
INSERT INTO "Loja"("codLoja", "codCategoria", "codEndereco", "descricao", "nome") VALUES('78e10d43-4110-4e66-96b2-fd11718ab1fd', 'e849d80a-4f1b-4176-8750-980ef1f3bc30', 'fc4ed343-af8c-4005-94f4-cdbce5e4857e', 'Decoração elegante e moderna para sua casa.', 'Casa & Design');
INSERT INTO "Loja"("codLoja", "codCategoria", "codEndereco", "descricao", "nome") VALUES('8e831e99-9b02-4313-a1ae-2c8d8be25c0a', '3197a040-70d1-40f9-8b5b-55ff2dc0b0f2', 'c874b271-5cc0-4f23-90c9-aa963dd46ed1', 'Produtos de beleza e cuidados pessoais para se sentir bem.', 'Beauty Store');

INSERT INTO "Gestor"("codGestor", "codLoja", "funcao", "nome", "cpf", "numeroTelefone") VALUES('18f3969d-32e2-4b26-ba63-11d8a6b546f2', '587e04f3-637f-40a7-8f8a-2ed942b891db', 'Funcionário', 'João Silva', '123.456.789-10', '(123) 45678-9101');
INSERT INTO "Gestor"("codGestor", "codLoja", "funcao", "nome", "cpf", "numeroTelefone") VALUES('c57af8a1-2065-4c13-b4a6-02d5459c4c65', '587e04f3-637f-40a7-8f8a-2ed942b891db', 'Dono', 'Pedro Oliveira', '987.654.321-10', '(234) 56789-0112');
INSERT INTO "Gestor"("codGestor", "codLoja", "funcao", "nome", "cpf", "numeroTelefone") VALUES('8db7cf42-3a84-4d5f-8e68-14c50b2c1d84', 'd0f6a41e-3f97-4c4c-82c1-9a3fb9c06f25', 'Funcionário', 'Maria Santos', '234.567.890-12', '(345) 67890-1112');
INSERT INTO "Gestor"("codGestor", "codLoja", "funcao", "nome", "cpf", "numeroTelefone") VALUES('7b1c4b8f-c3d5-4bc9-8be6-4cb153f73c35', 'd0f6a41e-3f97-4c4c-82c1-9a3fb9c06f25', 'Dono', 'Ana Rodrigues', '876.543.210-11', '(456) 78901-1122');
INSERT INTO "Gestor"("codGestor", "codLoja", "funcao", "nome", "cpf", "numeroTelefone") VALUES('ab5c75fd-86e1-4d48-9d0b-4f9ad6a935e0', 'c54eac3c-cc92-4f8c-90d6-73dcdbd9043d', 'Funcionário', 'Carlos Andrade', '345.678.901-23', '(567) 89012-2233');
INSERT INTO "Gestor"("codGestor", "codLoja", "funcao", "nome", "cpf", "numeroTelefone") VALUES('c3b6e7fd-6ea9-419a-a17d-8d0794a6821d', 'c54eac3c-cc92-4f8c-90d6-73dcdbd9043d', 'Dono', 'Mariana Costa', '765.432.109-23', '(678) 90123-3344');
INSERT INTO "Gestor"("codGestor", "codLoja", "funcao", "nome", "cpf", "numeroTelefone") VALUES('2b30715f-912b-41f2-a1d7-686def68f22f', '78e10d43-4110-4e66-96b2-fd11718ab1fd', 'Funcionário', 'Luiza Mendes', '456.789.012-34', '(789) 01234-4455');
INSERT INTO "Gestor"("codGestor", "codLoja", "funcao", "nome", "cpf", "numeroTelefone") VALUES('c79782ea-7eab-402c-bfe2-35c9827f3845', '78e10d43-4110-4e66-96b2-fd11718ab1fd', 'Dono', 'Rafaela Ferreira', '654.321.098-34', '(890) 12345-5566');
INSERT INTO "Gestor"("codGestor", "codLoja", "funcao", "nome", "cpf", "numeroTelefone") VALUES('f9b1e9fe-d492-44ea-a70b-b2161c2c3e71', '8e831e99-9b02-4313-a1ae-2c8d8be25c0a', 'Funcionário', 'Fernando Souza', '567.890.123-45', '(901) 23456-6677');
INSERT INTO "Gestor"("codGestor", "codLoja", "funcao", "nome", "cpf", "numeroTelefone") VALUES('d8b7695c-3e6a-4ff6-9e63-568e89b37b9a', '8e831e99-9b02-4313-a1ae-2c8d8be25c0a', 'Dono', 'Isabela Almeida', '890.123.456-45', '(012) 34567-7788');

INSERT INTO "Produto"("codProduto", "codCategoria", "nome", "descricao") VALUES('f3e96d4d-8b7f-4be3-8ef9-238fba72fde4', '2d1e72b9-6e71-4f5d-89d4-4ab064c6e89f', 'Smartphone XYZ', 'Ótimo smartphone com câmera de alta resolução');
INSERT INTO "Produto"("codProduto", "codCategoria", "nome", "descricao") VALUES('2f5e5ed3-63d9-40f0-9842-08e16c6b9e42', '92e08dcf-573f-4c7f-9f66-dc126881d2d2', 'Vestido Floral', 'Vestido elegante com estampa floral');
INSERT INTO "Produto"("codProduto", "codCategoria", "nome", "descricao") VALUES('c613f376-7d25-4ccf-a3b6-f4ebe5f93556', '4b88fbd3-7a21-4db0-a7b1-7799d0ad080d', 'Bola de Futebol', 'Bola oficial para prática de futebol');
INSERT INTO "Produto"("codProduto", "codCategoria", "nome", "descricao") VALUES('a4c4d378-9d94-4461-a99e-d8cb481f499e', 'e849d80a-4f1b-4176-8750-980ef1f3bc30', 'Sofá-Cama', 'Sofá que se transforma em uma confortável cama');
INSERT INTO "Produto"("codProduto", "codCategoria", "nome", "descricao") VALUES('1b709f57-7ef7-4d22-88e4-09e3fe96d2f1', '3197a040-70d1-40f9-8b5b-55ff2dc0b0f2', 'Kit de Maquiagem', 'Conjunto completo de maquiagem para realçar sua beleza');
INSERT INTO "Produto"("codProduto", "codCategoria", "nome", "descricao") VALUES('9f82533a-1e9f-4c5e-a194-4d69f4a8db89', '7b3b5f0c-19ef-4ef0-a824-82d37dd6b2b0', 'Livro: Aventuras Fantásticas', 'Uma emocionante história cheia de aventuras e mistérios');
INSERT INTO "Produto"("codProduto", "codCategoria", "nome", "descricao") VALUES('1c3224db-18f4-4d8b-9b2c-d40586d1674b', 'c6a32a4c-8790-4e6c-aad1-9d9a9e5dabfd', 'Carrinho de Controle Remoto', 'Divirta-se pilotando este incrível carrinho de controle remoto');
INSERT INTO "Produto"("codProduto", "codCategoria", "nome", "descricao") VALUES('b3919e87-94fc-486f-aa1a-157f6b91b6d5', '1c2e83d5-72c5-4d50-8d5d-4881e34b44a7', 'Violão Acústico', 'Instrumento musical de cordas perfeito para os amantes da música');
INSERT INTO "Produto"("codProduto", "codCategoria", "nome", "descricao") VALUES('06eb0d2e-1b34-4073-af8e-8ee7c9443bbf', '432d03dd-7a06-4efb-b789-730d19973321', 'Kit de Limpeza Automotiva', 'Conjunto de produtos para deixar seu carro sempre limpo e brilhante');
INSERT INTO "Produto"("codProduto", "codCategoria", "nome", "descricao") VALUES('b5c8f0d3-94a6-4b2e-9ad6-4f51c2f22d63', 'e90ef27c-d0f2-4a43-8eb4-5f1edfbf6db1', 'Camisa Polo', 'Camisa elegante e confortável para homens com estilo');

INSERT INTO "ProdutoLoja"("codProduto", "codLoja", "quantidade", "preco") VALUES('b3919e87-94fc-486f-aa1a-157f6b91b6d5', '587e04f3-637f-40a7-8f8a-2ed942b891db', 100, 2.99);
INSERT INTO "ProdutoLoja"("codProduto", "codLoja", "quantidade", "preco") VALUES('1c3224db-18f4-4d8b-9b2c-d40586d1674b', '587e04f3-637f-40a7-8f8a-2ed942b891db', 23, 5.87);
INSERT INTO "ProdutoLoja"("codProduto", "codLoja", "quantidade", "preco") VALUES('9f82533a-1e9f-4c5e-a194-4d69f4a8db89', '587e04f3-637f-40a7-8f8a-2ed942b891db', 10230, 22.0);
INSERT INTO "ProdutoLoja"("codProduto", "codLoja", "quantidade", "preco") VALUES('06eb0d2e-1b34-4073-af8e-8ee7c9443bbf', '587e04f3-637f-40a7-8f8a-2ed942b891db', 20, 32.79);
INSERT INTO "ProdutoLoja"("codProduto", "codLoja", "quantidade", "preco") VALUES('1b709f57-7ef7-4d22-88e4-09e3fe96d2f1', '587e04f3-637f-40a7-8f8a-2ed942b891db', 87, 154.26);
INSERT INTO "ProdutoLoja"("codProduto", "codLoja", "quantidade", "preco") VALUES('f3e96d4d-8b7f-4be3-8ef9-238fba72fde4', 'd0f6a41e-3f97-4c4c-82c1-9a3fb9c06f25', 157, 41.03);
INSERT INTO "ProdutoLoja"("codProduto", "codLoja", "quantidade", "preco") VALUES('a4c4d378-9d94-4461-a99e-d8cb481f499e', 'd0f6a41e-3f97-4c4c-82c1-9a3fb9c06f25', 112, 183.58);
INSERT INTO "ProdutoLoja"("codProduto", "codLoja", "quantidade", "preco") VALUES('2f5e5ed3-63d9-40f0-9842-08e16c6b9e42', 'd0f6a41e-3f97-4c4c-82c1-9a3fb9c06f25', 66, 62.94);
INSERT INTO "ProdutoLoja"("codProduto", "codLoja", "quantidade", "preco") VALUES('1c3224db-18f4-4d8b-9b2c-d40586d1674b', 'd0f6a41e-3f97-4c4c-82c1-9a3fb9c06f25', 218, 79.21);
INSERT INTO "ProdutoLoja"("codProduto", "codLoja", "quantidade", "preco") VALUES('9f82533a-1e9f-4c5e-a194-4d69f4a8db89', 'd0f6a41e-3f97-4c4c-82c1-9a3fb9c06f25', 76, 107.12);
INSERT INTO "ProdutoLoja"("codProduto", "codLoja", "quantidade", "preco") VALUES('1c3224db-18f4-4d8b-9b2c-d40586d1674b', 'c54eac3c-cc92-4f8c-90d6-73dcdbd9043d', 95, 196.34);
INSERT INTO "ProdutoLoja"("codProduto", "codLoja", "quantidade", "preco") VALUES('9f82533a-1e9f-4c5e-a194-4d69f4a8db89', 'c54eac3c-cc92-4f8c-90d6-73dcdbd9043d', 184, 15.88);
INSERT INTO "ProdutoLoja"("codProduto", "codLoja", "quantidade", "preco") VALUES('a4c4d378-9d94-4461-a99e-d8cb481f499e', 'c54eac3c-cc92-4f8c-90d6-73dcdbd9043d', 120, 73.45);
INSERT INTO "ProdutoLoja"("codProduto", "codLoja", "quantidade", "preco") VALUES('f3e96d4d-8b7f-4be3-8ef9-238fba72fde4', 'c54eac3c-cc92-4f8c-90d6-73dcdbd9043d', 213, 185.06);
INSERT INTO "ProdutoLoja"("codProduto", "codLoja", "quantidade", "preco") VALUES('2f5e5ed3-63d9-40f0-9842-08e16c6b9e42', 'c54eac3c-cc92-4f8c-90d6-73dcdbd9043d', 29, 6.77);
INSERT INTO "ProdutoLoja"("codProduto", "codLoja", "quantidade", "preco") VALUES('2f5e5ed3-63d9-40f0-9842-08e16c6b9e42', '78e10d43-4110-4e66-96b2-fd11718ab1fd', 196, 89.51);
INSERT INTO "ProdutoLoja"("codProduto", "codLoja", "quantidade", "preco") VALUES('f3e96d4d-8b7f-4be3-8ef9-238fba72fde4', '78e10d43-4110-4e66-96b2-fd11718ab1fd', 108, 121.19);
INSERT INTO "ProdutoLoja"("codProduto", "codLoja", "quantidade", "preco") VALUES('1b709f57-7ef7-4d22-88e4-09e3fe96d2f1', '78e10d43-4110-4e66-96b2-fd11718ab1fd', 182, 22.43);
INSERT INTO "ProdutoLoja"("codProduto", "codLoja", "quantidade", "preco") VALUES('a4c4d378-9d94-4461-a99e-d8cb481f499e', '78e10d43-4110-4e66-96b2-fd11718ab1fd', 44, 178.66);
INSERT INTO "ProdutoLoja"("codProduto", "codLoja", "quantidade", "preco") VALUES('b3919e87-94fc-486f-aa1a-157f6b91b6d5', '78e10d43-4110-4e66-96b2-fd11718ab1fd', 207, 99.84);
INSERT INTO "ProdutoLoja"("codProduto", "codLoja", "quantidade", "preco") VALUES('f3e96d4d-8b7f-4be3-8ef9-238fba72fde4', '8e831e99-9b02-4313-a1ae-2c8d8be25c0a', 172, 124.12);
INSERT INTO "ProdutoLoja"("codProduto", "codLoja", "quantidade", "preco") VALUES('1c3224db-18f4-4d8b-9b2c-d40586d1674b', '8e831e99-9b02-4313-a1ae-2c8d8be25c0a', 58, 192.56);
INSERT INTO "ProdutoLoja"("codProduto", "codLoja", "quantidade", "preco") VALUES('9f82533a-1e9f-4c5e-a194-4d69f4a8db89', '8e831e99-9b02-4313-a1ae-2c8d8be25c0a', 191, 11.44);
INSERT INTO "ProdutoLoja"("codProduto", "codLoja", "quantidade", "preco") VALUES('06eb0d2e-1b34-4073-af8e-8ee7c9443bbf', '8e831e99-9b02-4313-a1ae-2c8d8be25c0a', 173, 53.76);
INSERT INTO "ProdutoLoja"("codProduto", "codLoja", "quantidade", "preco") VALUES('b3919e87-94fc-486f-aa1a-157f6b91b6d5', '8e831e99-9b02-4313-a1ae-2c8d8be25c0a', 10, 170.93);

INSERT INTO "Cliente"("codCliente", "codEndereco", "nome", "email") VALUES('d17c4d08-4475-4a57-ba9f-859b42a6c754', 'e3aee5f2-92d1-4d01-af96-4183f04e7d8d', 'Ana Silva', 'ana.silva@gmail.com');
INSERT INTO "Cliente"("codCliente", "codEndereco", "nome", "email") VALUES('e3090fb7-dc06-4e66-ae10-30904c6548c2', 'c32d163b-2e19-45fe-8af5-190cd347eae2', 'Pedro Santos', 'pedro.santos@hotmail.com');
INSERT INTO "Cliente"("codCliente", "codEndereco", "nome", "email") VALUES('2be8e3f3-d6d1-4dca-84ce-7b66a68722f3', '9cbbd3d9-6500-4e53-8cb2-5d5e8d3ed2e0', 'Mariana Costa', 'mariana.costa@yahoo.com');
INSERT INTO "Cliente"("codCliente", "codEndereco", "nome", "email") VALUES('8aaffa9a-9e6d-4b45-9943-57994f5f6015', 'fc4ed343-af8c-4005-94f4-cdbce5e4857e', 'João Oliveira', 'joao.oliveira@gmail.com');
INSERT INTO "Cliente"("codCliente", "codEndereco", "nome", "email") VALUES('a7ce7680-42df-4173-9c81-f6fb0f708f70', 'c874b271-5cc0-4f23-90c9-aa963dd46ed1', 'Sofia Pereira', 'sofia.pereira@hotmail.com');
INSERT INTO "Cliente"("codCliente", "codEndereco", "nome", "email") VALUES('fc7db6b3-5e32-4b26-ae3e-24e811647aa1', '37bb0f21-4e6d-4a0a-8e37-944f437a74db', 'Gabriel Rodrigues', 'gabriel.rodrigues@gmail.com');
INSERT INTO "Cliente"("codCliente", "codEndereco", "nome", "email") VALUES('2d10c437-48ab-4c01-96a7-d642f77cc6b4', 'e9240129-f1c1-46e3-8e4a-15c4c7166e9d', 'Laura Ferreira', 'laura.ferreira@yahoo.com');
INSERT INTO "Cliente"("codCliente", "codEndereco", "nome", "email") VALUES('b0fc37d0-2c0d-4017-a2c3-d6a2c34823a7', '47fb7a8e-5b7a-41e9-8dc0-4a2b7e4e4d8b', 'Rafael Gomes', 'rafael.gomes@gmail.com');
INSERT INTO "Cliente"("codCliente", "codEndereco", "nome", "email") VALUES('4d7c1e56-4aef-4c09-84a5-0db9f36b7750', '5f7e1d85-8161-4618-9b67-5f0d8f1df2c7', 'Beatriz Almeida', 'beatriz.almeida@hotmail.com');
INSERT INTO "Cliente"("codCliente", "codEndereco", "nome", "email") VALUES('b48572e6-2b6e-495a-81db-d2225b2f3ed7', '67d42dbf-5e5d-44e3-a586-45f67e0e4d77', 'Diogo Carvalho', 'diogo.carvalho@gmail.com');

INSERT INTO "Compra"("codCompra", "codEndereco", "codCliente", "codProduto", "data", "valor", "quantidade") VALUES('6511f52c-6c78-4f95-8b7c-61f6b4f725a2','e3aee5f2-92d1-4d01-af96-4183f04e7d8d','d17c4d08-4475-4a57-ba9f-859b42a6c754','f3e96d4d-8b7f-4be3-8ef9-238fba72fde4','2023-06-15 10:23:45',3.45,1);
INSERT INTO "Compra"("codCompra", "codEndereco", "codCliente", "codProduto", "data", "valor", "quantidade") VALUES('5f04d9f4-1c5f-4b55-a932-239ce7ebebf6','c32d163b-2e19-45fe-8af5-190cd347eae2','e3090fb7-dc06-4e66-ae10-30904c6548c2','2f5e5ed3-63d9-40f0-9842-08e16c6b9e42','2023-06-15 15:47:21',7.89,3);
INSERT INTO "Compra"("codCompra", "codEndereco", "codCliente", "codProduto", "data", "valor", "quantidade") VALUES('f8ce0b39-18e5-4a6e-9526-9bdf67d17795','9cbbd3d9-6500-4e53-8cb2-5d5e8d3ed2e0','2be8e3f3-d6d1-4dca-84ce-7b66a68722f3','c613f376-7d25-4ccf-a3b6-f4ebe5f93556','2023-06-15 18:12:53',1.23,7);
INSERT INTO "Compra"("codCompra", "codEndereco", "codCliente", "codProduto", "data", "valor", "quantidade") VALUES('83fe25df-4c71-462b-8fb1-df6f27d2e64d','fc4ed343-af8c-4005-94f4-cdbce5e4857e','8aaffa9a-9e6d-4b45-9943-57994f5f6015','a4c4d378-9d94-4461-a99e-d8cb481f499e','2023-06-15 22:36:17',4.56,4);
INSERT INTO "Compra"("codCompra", "codEndereco", "codCliente", "codProduto", "data", "valor", "quantidade") VALUES('3c9f8cb3-7836-4e1f-bd49-45e135a92c85','c874b271-5cc0-4f23-90c9-aa963dd46ed1','a7ce7680-42df-4173-9c81-f6fb0f708f70','1b709f57-7ef7-4d22-88e4-09e3fe96d2f1','2023-06-15 07:58:39',2.34,2);
INSERT INTO "Compra"("codCompra", "codEndereco", "codCliente", "codProduto", "data", "valor", "quantidade") VALUES('1b3f19a1-d29b-4b1f-9d71-6ac8b3e6b841','37bb0f21-4e6d-4a0a-8e37-944f437a74db','fc7db6b3-5e32-4b26-ae3e-24e811647aa1','9f82533a-1e9f-4c5e-a194-4d69f4a8db89','2023-06-15 12:04:11',9.87,6);
INSERT INTO "Compra"("codCompra", "codEndereco", "codCliente", "codProduto", "data", "valor", "quantidade") VALUES('8a3d84d3-029d-4b4e-8723-99f33b2f3b7a','e9240129-f1c1-46e3-8e4a-15c4c7166e9d','2d10c437-48ab-4c01-96a7-d642f77cc6b4','1c3224db-18f4-4d8b-9b2c-d40586d1674b','2023-06-15 19:29:05',6.78,5);
INSERT INTO "Compra"("codCompra", "codEndereco", "codCliente", "codProduto", "data", "valor", "quantidade") VALUES('960b47b2-39f5-418e-a9e9-071f71af16d4','47fb7a8e-5b7a-41e9-8dc0-4a2b7e4e4d8b','b0fc37d0-2c0d-4017-a2c3-d6a2c34823a7','b3919e87-94fc-486f-aa1a-157f6b91b6d5','2023-06-15 09:15:28',5.67,8);
INSERT INTO "Compra"("codCompra", "codEndereco", "codCliente", "codProduto", "data", "valor", "quantidade") VALUES('b791af36-5426-4af5-ae5a-5c1e0d16514d','5f7e1d85-8161-4618-9b67-5f0d8f1df2c7','4d7c1e56-4aef-4c09-84a5-0db9f36b7750','06eb0d2e-1b34-4073-af8e-8ee7c9443bbf','2023-06-15 16:39:50',8.91,1);
INSERT INTO "Compra"("codCompra", "codEndereco", "codCliente", "codProduto", "data", "valor", "quantidade") VALUES('2b198724-48f5-4f16-8f32-84f7efbbd5c2','67d42dbf-5e5d-44e3-a586-45f67e0e4d77','b48572e6-2b6e-495a-81db-d2225b2f3ed7','b5c8f0d3-94a6-4b2e-9ad6-4f51c2f22d63','2023-06-15 21:01:04',0.12,3);

COMMIT;